EmployeeID,LastName,FirstName,Title,City,Country,HireDate
1,Davolio,Nancy,Sales Representative,Seattle,USA,1996-05-01
2,Fuller,Andrew,"Vice President, Sales",Tacoma,USA,1996-08-14
3,Leverling,Janet,Sales Representative,Kirkland,USA,1996-04-01
4,Peacock,Margaret,Sales Representative,Redmond,USA,1997-05-03
5,Buchanan,Steven,Sales Manager,London,UK,1997-10-17
6,Suyama,Michael,Sales Representative,London,UK,1997-10-17
7,King,Robert,Sales Representative,London,UK,1998-01-02
8,Callahan,Laura,Inside Sales Coordinator,Seattle,USA,1998-03-05
9,Dodsworth,Anne,Sales Representative,London,UK,1998-11-15
